aryl_halide_file_name,aryl_halide_CAS_Number,aryl_halide_SMILES,aryl_halide_stoichiometry,aryl_halide_number_of_atoms,aryl_halide_charge,aryl_halide_multiplicity,aryl_halide_convergence_criteria,aryl_halide_dipole,aryl_halide_molar_mass,aryl_halide_molar_volume,aryl_halide_electronic_spatial_extent,aryl_halide_homo_energy,aryl_halide_lumo_energy,aryl_halide_electronegativity,aryl_halide_hardness,aryl_halide_electrophilicity,aryl_halide_E_scf,aryl_halide_zero_point_correction,aryl_halide_E_thermal_correction,aryl_halide_H_thermal_correction,aryl_halide_G_thermal_correction,aryl_halide_E_zpe,aryl_halide_E,aryl_halide_H,aryl_halide_G,aryl_halide_ES_root_dipole,aryl_halide_ES_root_molar_volume,aryl_halide_ES_root_electronic_spatial_extent,aryl_halide_ES1_transition,aryl_halide_ES1_osc_strength,aryl_halide_ES1_<S**2>,aryl_halide_ES2_transition,aryl_halide_ES2_osc_strength,aryl_halide_ES2_<S**2>,aryl_halide_ES3_transition,aryl_halide_ES3_osc_strength,aryl_halide_ES3_<S**2>,aryl_halide_ES4_transition,aryl_halide_ES4_osc_strength,aryl_halide_ES4_<S**2>,aryl_halide_ES5_transition,aryl_halide_ES5_osc_strength,aryl_halide_ES5_<S**2>,aryl_halide_ES6_transition,aryl_halide_ES6_osc_strength,aryl_halide_ES6_<S**2>,aryl_halide_ES7_transition,aryl_halide_ES7_osc_strength,aryl_halide_ES7_<S**2>,aryl_halide_ES8_transition,aryl_halide_ES8_osc_strength,aryl_halide_ES8_<S**2>,aryl_halide_ES9_transition,aryl_halide_ES9_osc_strength,aryl_halide_ES9_<S**2>,aryl_halide_ES10_transition,aryl_halide_ES10_osc_strength,aryl_halide_ES10_<S**2>,aryl_halide_atom1_atom,aryl_halide_atom1_Mulliken_charge,aryl_halide_atom1_APT_charge,aryl_halide_atom1_NPA_charge,aryl_halide_atom1_NPA_core,aryl_halide_atom1_NPA_valence,aryl_halide_atom1_NPA_Rydberg,aryl_halide_atom1_NPA_total,aryl_halide_atom1_NMR_shift,aryl_halide_atom1_NMR_anisotropy,aryl_halide_atom1_ES_root_Mulliken_charge,aryl_halide_atom1_ES_root_NPA_charge,aryl_halide_atom1_ES_root_NPA_core,aryl_halide_atom1_ES_root_NPA_valence,aryl_halide_atom1_ES_root_NPA_Rydberg,aryl_halide_atom1_ES_root_NPA_total,aryl_halide_atom2_atom,aryl_halide_atom2_Mulliken_charge,aryl_halide_atom2_APT_charge,aryl_halide_atom2_NPA_charge,aryl_halide_atom2_NPA_core,aryl_halide_atom2_NPA_valence,aryl_halide_atom2_NPA_Rydberg,aryl_halide_atom2_NPA_total,aryl_halide_atom2_NMR_shift,aryl_halide_atom2_NMR_anisotropy,aryl_halide_atom2_ES_root_Mulliken_charge,aryl_halide_atom2_ES_root_NPA_charge,aryl_halide_atom2_ES_root_NPA_core,aryl_halide_atom2_ES_root_NPA_valence,aryl_halide_atom2_ES_root_NPA_Rydberg,aryl_halide_atom2_ES_root_NPA_total,aryl_halide_atom3_atom,aryl_halide_atom3_Mulliken_charge,aryl_halide_atom3_APT_charge,aryl_halide_atom3_NPA_charge,aryl_halide_atom3_NPA_core,aryl_halide_atom3_NPA_valence,aryl_halide_atom3_NPA_Rydberg,aryl_halide_atom3_NPA_total,aryl_halide_atom3_NMR_shift,aryl_halide_atom3_NMR_anisotropy,aryl_halide_atom3_ES_root_Mulliken_charge,aryl_halide_atom3_ES_root_NPA_charge,aryl_halide_atom3_ES_root_NPA_core,aryl_halide_atom3_ES_root_NPA_valence,aryl_halide_atom3_ES_root_NPA_Rydberg,aryl_halide_atom3_ES_root_NPA_total,aryl_halide_atom4_atom,aryl_halide_atom4_Mulliken_charge,aryl_halide_atom4_APT_charge,aryl_halide_atom4_NPA_charge,aryl_halide_atom4_NPA_core,aryl_halide_atom4_NPA_valence,aryl_halide_atom4_NPA_Rydberg,aryl_halide_atom4_NPA_total,aryl_halide_atom4_NMR_shift,aryl_halide_atom4_NMR_anisotropy,aryl_halide_atom4_ES_root_Mulliken_charge,aryl_halide_atom4_ES_root_NPA_charge,aryl_halide_atom4_ES_root_NPA_core,aryl_halide_atom4_ES_root_NPA_valence,aryl_halide_atom4_ES_root_NPA_Rydberg,aryl_halide_atom4_ES_root_NPA_total,aryl_halide_atom5_atom,aryl_halide_atom5_Mulliken_charge,aryl_halide_atom5_APT_charge,aryl_halide_atom5_NPA_charge,aryl_halide_atom5_NPA_core,aryl_halide_atom5_NPA_valence,aryl_halide_atom5_NPA_Rydberg,aryl_halide_atom5_NPA_total,aryl_halide_atom5_NMR_shift,aryl_halide_atom5_NMR_anisotropy,aryl_halide_atom5_ES_root_Mulliken_charge,aryl_halide_atom5_ES_root_NPA_charge,aryl_halide_atom5_ES_root_NPA_core,aryl_halide_atom5_ES_root_NPA_valence,aryl_halide_atom5_ES_root_NPA_Rydberg,aryl_halide_atom5_ES_root_NPA_total,aryl_halide_atom6_atom,aryl_halide_atom6_Mulliken_charge,aryl_halide_atom6_APT_charge,aryl_halide_atom6_NPA_charge,aryl_halide_atom6_NPA_core,aryl_halide_atom6_NPA_valence,aryl_halide_atom6_NPA_Rydberg,aryl_halide_atom6_NPA_total,aryl_halide_atom6_NMR_shift,aryl_halide_atom6_NMR_anisotropy,aryl_halide_atom6_ES_root_Mulliken_charge,aryl_halide_atom6_ES_root_NPA_charge,aryl_halide_atom6_ES_root_NPA_core,aryl_halide_atom6_ES_root_NPA_valence,aryl_halide_atom6_ES_root_NPA_Rydberg,aryl_halide_atom6_ES_root_NPA_total,aryl_halide_atom7_atom,aryl_halide_atom7_Mulliken_charge,aryl_halide_atom7_APT_charge,aryl_halide_atom7_NPA_charge,aryl_halide_atom7_NPA_core,aryl_halide_atom7_NPA_valence,aryl_halide_atom7_NPA_Rydberg,aryl_halide_atom7_NPA_total,aryl_halide_atom7_NMR_shift,aryl_halide_atom7_NMR_anisotropy,aryl_halide_atom7_ES_root_Mulliken_charge,aryl_halide_atom7_ES_root_NPA_charge,aryl_halide_atom7_ES_root_NPA_core,aryl_halide_atom7_ES_root_NPA_valence,aryl_halide_atom7_ES_root_NPA_Rydberg,aryl_halide_atom7_ES_root_NPA_total,aryl_halide_c_min_atom_number,aryl_halide_c_min_atom,aryl_halide_c_min_atom=C,aryl_halide_c_min_atom=O,aryl_halide_c_min_atom=F,aryl_halide_c_min_atom=N,aryl_halide_c_min_Mulliken_charge,aryl_halide_c_min_APT_charge,aryl_halide_c_min_NPA_charge,aryl_halide_c_min_NPA_core,aryl_halide_c_min_NPA_valence,aryl_halide_c_min_NPA_Rydberg,aryl_halide_c_min_NPA_total,aryl_halide_c_min_NMR_shift,aryl_halide_c_min_NMR_anisotropy,aryl_halide_c_min_ES_root_Mulliken_charge,aryl_halide_c_min_ES_root_NPA_charge,aryl_halide_c_min_ES_root_NPA_core,aryl_halide_c_min_ES_root_NPA_valence,aryl_halide_c_min_ES_root_NPA_Rydberg,aryl_halide_c_min_ES_root_NPA_total,aryl_halide_c_min+1_atom_number,aryl_halide_c_min+1_atom,aryl_halide_c_min+1_atom=C,aryl_halide_c_min+1_atom=F,aryl_halide_c_min+1_Mulliken_charge,aryl_halide_c_min+1_APT_charge,aryl_halide_c_min+1_NPA_charge,aryl_halide_c_min+1_NPA_core,aryl_halide_c_min+1_NPA_valence,aryl_halide_c_min+1_NPA_Rydberg,aryl_halide_c_min+1_NPA_total,aryl_halide_c_min+1_NMR_shift,aryl_halide_c_min+1_NMR_anisotropy,aryl_halide_c_min+1_ES_root_Mulliken_charge,aryl_halide_c_min+1_ES_root_NPA_charge,aryl_halide_c_min+1_ES_root_NPA_core,aryl_halide_c_min+1_ES_root_NPA_valence,aryl_halide_c_min+1_ES_root_NPA_Rydberg,aryl_halide_c_min+1_ES_root_NPA_total,aryl_halide_c_max_atom_number,aryl_halide_c_max_atom,aryl_halide_c_max_atom=H,aryl_halide_c_max_atom=C,aryl_halide_c_max_Mulliken_charge,aryl_halide_c_max_APT_charge,aryl_halide_c_max_NPA_charge,aryl_halide_c_max_NPA_core,aryl_halide_c_max_NPA_valence,aryl_halide_c_max_NPA_Rydberg,aryl_halide_c_max_NPA_total,aryl_halide_c_max_NMR_shift,aryl_halide_c_max_NMR_anisotropy,aryl_halide_c_max_ES_root_Mulliken_charge,aryl_halide_c_max_ES_root_NPA_charge,aryl_halide_c_max_ES_root_NPA_core,aryl_halide_c_max_ES_root_NPA_valence,aryl_halide_c_max_ES_root_NPA_Rydberg,aryl_halide_c_max_ES_root_NPA_total,aryl_halide_c_max-1_atom_number,aryl_halide_c_max-1_atom,aryl_halide_c_max-1_atom=H,aryl_halide_c_max-1_Mulliken_charge,aryl_halide_c_max-1_APT_charge,aryl_halide_c_max-1_NPA_charge,aryl_halide_c_max-1_NPA_core,aryl_halide_c_max-1_NPA_valence,aryl_halide_c_max-1_NPA_Rydberg,aryl_halide_c_max-1_NPA_total,aryl_halide_c_max-1_NMR_shift,aryl_halide_c_max-1_NMR_anisotropy,aryl_halide_c_max-1_ES_root_Mulliken_charge,aryl_halide_c_max-1_ES_root_NPA_charge,aryl_halide_c_max-1_ES_root_NPA_core,aryl_halide_c_max-1_ES_root_NPA_valence,aryl_halide_c_max-1_ES_root_NPA_Rydberg,aryl_halide_c_max-1_ES_root_NPA_total,aryl_halide_vib_1_vibration,aryl_halide_vib_1_standard_vibration,aryl_halide_vib_1_correlation,aryl_halide_vib_1_frequency,aryl_halide_vib_1_reduced_mass,aryl_halide_vib_1_frc_const,aryl_halide_vib_1_IR_intensity,aryl_halide_vib_1_dip_strength,aryl_halide_vib_1_rot_strength,aryl_halide_vib_1_E-M_angle,aryl_halide_vib_1_standard_frequency,aryl_halide_vib_1_standard_reduced_mass,aryl_halide_vib_1_standard_frc_const,aryl_halide_vib_1_standard_IR_intensity,aryl_halide_vib_1_standard_dip_strength,aryl_halide_vib_1_standard_rot_strength,aryl_halide_vib_1_standard_E-M_angle,aryl_halide_vib_2_vibration,aryl_halide_vib_2_standard_vibration,aryl_halide_vib_2_correlation,aryl_halide_vib_2_frequency,aryl_halide_vib_2_reduced_mass,aryl_halide_vib_2_frc_const,aryl_halide_vib_2_IR_intensity,aryl_halide_vib_2_dip_strength,aryl_halide_vib_2_rot_strength,aryl_halide_vib_2_E-M_angle,aryl_halide_vib_2_standard_frequency,aryl_halide_vib_2_standard_reduced_mass,aryl_halide_vib_2_standard_frc_const,aryl_halide_vib_2_standard_IR_intensity,aryl_halide_vib_2_standard_dip_strength,aryl_halide_vib_2_standard_rot_strength,aryl_halide_vib_2_standard_E-M_angle,aryl_halide_vib_3_vibration,aryl_halide_vib_3_standard_vibration,aryl_halide_vib_3_correlation,aryl_halide_vib_3_frequency,aryl_halide_vib_3_reduced_mass,aryl_halide_vib_3_frc_const,aryl_halide_vib_3_IR_intensity,aryl_halide_vib_3_dip_strength,aryl_halide_vib_3_rot_strength,aryl_halide_vib_3_E-M_angle,aryl_halide_vib_3_standard_frequency,aryl_halide_vib_3_standard_reduced_mass,aryl_halide_vib_3_standard_frc_const,aryl_halide_vib_3_standard_IR_intensity,aryl_halide_vib_3_standard_dip_strength,aryl_halide_vib_3_standard_rot_strength,aryl_halide_vib_3_standard_E-M_angle,aryl_halide_vib_4_vibration,aryl_halide_vib_4_standard_vibration,aryl_halide_vib_4_correlation,aryl_halide_vib_4_frequency,aryl_halide_vib_4_reduced_mass,aryl_halide_vib_4_frc_const,aryl_halide_vib_4_IR_intensity,aryl_halide_vib_4_dip_strength,aryl_halide_vib_4_rot_strength,aryl_halide_vib_4_E-M_angle,aryl_halide_vib_4_standard_frequency,aryl_halide_vib_4_standard_reduced_mass,aryl_halide_vib_4_standard_frc_const,aryl_halide_vib_4_standard_IR_intensity,aryl_halide_vib_4_standard_dip_strength,aryl_halide_vib_4_standard_rot_strength,aryl_halide_vib_4_standard_E-M_angle,aryl_halide_vib_5_vibration,aryl_halide_vib_5_standard_vibration,aryl_halide_vib_5_correlation,aryl_halide_vib_5_frequency,aryl_halide_vib_5_reduced_mass,aryl_halide_vib_5_frc_const,aryl_halide_vib_5_IR_intensity,aryl_halide_vib_5_dip_strength,aryl_halide_vib_5_rot_strength,aryl_halide_vib_5_E-M_angle,aryl_halide_vib_5_standard_frequency,aryl_halide_vib_5_standard_reduced_mass,aryl_halide_vib_5_standard_frc_const,aryl_halide_vib_5_standard_IR_intensity,aryl_halide_vib_5_standard_dip_strength,aryl_halide_vib_5_standard_rot_strength,aryl_halide_vib_5_standard_E-M_angle,aryl_halide_vib_6_vibration,aryl_halide_vib_6_standard_vibration,aryl_halide_vib_6_correlation,aryl_halide_vib_6_frequency,aryl_halide_vib_6_reduced_mass,aryl_halide_vib_6_frc_const,aryl_halide_vib_6_IR_intensity,aryl_halide_vib_6_dip_strength,aryl_halide_vib_6_rot_strength,aryl_halide_vib_6_E-M_angle,aryl_halide_vib_6_standard_frequency,aryl_halide_vib_6_standard_reduced_mass,aryl_halide_vib_6_standard_frc_const,aryl_halide_vib_6_standard_IR_intensity,aryl_halide_vib_6_standard_dip_strength,aryl_halide_vib_6_standard_rot_strength,aryl_halide_vib_6_standard_E-M_angle,aryl_halide_vib_7_vibration,aryl_halide_vib_7_standard_vibration,aryl_halide_vib_7_correlation,aryl_halide_vib_7_frequency,aryl_halide_vib_7_reduced_mass,aryl_halide_vib_7_frc_const,aryl_halide_vib_7_IR_intensity,aryl_halide_vib_7_dip_strength,aryl_halide_vib_7_rot_strength,aryl_halide_vib_7_E-M_angle,aryl_halide_vib_7_standard_frequency,aryl_halide_vib_7_standard_reduced_mass,aryl_halide_vib_7_standard_frc_const,aryl_halide_vib_7_standard_IR_intensity,aryl_halide_vib_7_standard_dip_strength,aryl_halide_vib_7_standard_rot_strength,aryl_halide_vib_7_standard_E-M_angle,aryl_halide_vib_8_vibration,aryl_halide_vib_8_standard_vibration,aryl_halide_vib_8_correlation,aryl_halide_vib_8_frequency,aryl_halide_vib_8_reduced_mass,aryl_halide_vib_8_frc_const,aryl_halide_vib_8_IR_intensity,aryl_halide_vib_8_dip_strength,aryl_halide_vib_8_rot_strength,aryl_halide_vib_8_E-M_angle,aryl_halide_vib_8_standard_frequency,aryl_halide_vib_8_standard_reduced_mass,aryl_halide_vib_8_standard_frc_const,aryl_halide_vib_8_standard_IR_intensity,aryl_halide_vib_8_standard_dip_strength,aryl_halide_vib_8_standard_rot_strength,aryl_halide_vib_8_standard_E-M_angle,aryl_halide_atom1_%VBur,aryl_halide_atom2_%VBur,aryl_halide_atom3_%VBur,aryl_halide_atom4_%VBur,aryl_halide_atom5_%VBur,aryl_halide_atom6_%VBur,aryl_halide_atom7_%VBur,aryl_halide_c_min_%VBur,aryl_halide_c_min+1_%VBur,aryl_halide_c_max_%VBur,aryl_halide_c_max-1_%VBur
1-bromo-4-ethylbenzene,1585-07-5,CCc1ccc(Br)cc1,C8H9Br,18,0,1,failed,2.2354,185.0631,1127.232,2465.5571,-0.23398,-0.01047,0.122225,0.111755,0.111755,-2881.985421,0.147372,0.156112,0.157056,0.111758,-2881.838049,-2881.829309,-2881.828364,-2881.873663,0.7163,1427.827,2464.2634,239.21,0.0058,0,225.95,0.0024,0,215.72,0.2219,0,198.23,0.0005,0,191.73,0,0,189.51,0.0001,0,187.95,0.1258,0,183.99,0.0069,0,182.72,0.3811,0,168.72,0.0382,0,Br0,-0.138452,-0.280679,0.04785,27.99916,6.93602,0.01697,34.95215,2197.5926,1162.2398,-0.029252,0.17788,27.99903,6.80546,0.01763,34.82212,C1,0.079243,0.361273,-0.11385,1.99859,4.09373,0.02154,6.11385,57.0024,102.5987,0.066889,-0.09765,1.9986,4.07754,0.02151,6.09765,C2,-0.145089,-0.111796,-0.24117,1.99892,4.22715,0.0151,6.24117,64.623,139.3921,-0.162579,-0.27941,1.99895,4.25936,0.02111,6.27941,C3,-0.183107,-0.027355,-0.21854,1.99901,4.20689,0.01264,6.21854,66.7609,146.2568,-0.20501,-0.26691,1.99905,4.24997,0.01789,6.26691,C4,0.181249,0.043684,-0.03479,1.99902,4.01981,0.01596,6.03479,53.8828,187.5136,0.193305,0.02738,1.99905,3.95575,0.01782,5.97262,H5,0.1523,0.045469,0.25303,0,0.74588,0.00109,0.74697,25.1206,8.717,0.142436,0.24308,0,0.75587,0.00106,0.75692,H6,0.132442,0.011398,0.23821,0,0.76077,0.00102,0.76179,25.2138,6.8217,0.123744,0.22991,0,0.76905,0.00104,0.77009,10,C,1,0,0,0,-0.434164,0.074044,-0.66625,1.99945,4.65972,0.00708,6.66625,169.7759,28.2719,-0.433271,-0.66311,1.99944,4.65658,0.0071,6.66311,9,C,1,0,-0.341937,0.150663,-0.46866,1.99929,4.45784,0.01153,6.46866,157.8713,26.7342,-0.341918,-0.476,1.99929,4.46472,0.01199,6.476,7,H,1,0,0.1523,0.045469,0.25303,0,0.74588,0.00109,0.74697,25.1206,8.717,0.142436,0.24308,0,0.75587,0.00106,0.75692,13,H,1,0.152301,0.045459,0.25302,0,0.74589,0.00109,0.74698,25.1185,8.7203,0.142459,0.24307,0,0.75588,0.00106,0.75693,16,16,1,845.3762,1.5047,0.6336,33.062,156.0224,0.0777,89.845,845.3762,1.5047,0.6336,33.062,156.0224,0.0777,89.845,17,17,1,849.9262,1.2471,0.5308,0.0129,0.0607,-0.0209,92.0343,849.9262,1.2471,0.5308,0.0129,0.0607,-0.0209,92.0343,18,18,1,971.211,1.347,0.7486,0.0047,0.0192,0.0051,83.2235,971.211,1.347,0.7486,0.0047,0.0192,0.0051,83.2235,19,19,1,973.8308,1.3554,0.7573,0.1925,0.7887,-0.0026,90.2154,973.8308,1.3554,0.7573,0.1925,0.7887,-0.0026,90.2154,25,25,1,1147.8623,1.3055,1.0135,3.9396,13.6922,-0.1104,90.4794,1147.8623,1.3055,1.0135,3.9396,13.6922,-0.1104,90.4794,26,26,1,1214.6519,1.1398,0.9908,0.4071,1.3371,-0.0016,90.3483,1214.6519,1.1398,0.9908,0.4071,1.3371,-0.0016,90.3483,29,29,1,1336.8297,1.9417,2.0445,0.0672,0.2007,0.0201,89.4702,1336.8297,1.9417,2.0445,0.0672,0.2007,0.0201,89.4702,46,46,1,3180.9158,1.0892,6.493,12.0274,15.0844,0.357,77.6776,3180.9158,1.0892,6.493,12.0274,15.0844,0.357,77.6776,0.399029969,0.627915332,0.538007844,0.556180953,0.66731535,0.382862789,0.402532858,0.429897308,0.551151163,0.382862789,0.382743032
1-bromo-4-methoxybenzene,104-92-7,COc1ccc(Br)cc1,C7H7BrO,16,0,1,met,2.8189,187.0357,1252.026,2383.1716,-0.21854,-0.01186,0.1152,0.10334,0.10334,-2917.876007,0.123639,0.131913,0.132857,0.089285,-2917.752368,-2917.744095,-2917.74315,-2917.786722,2.62,1377.229,2379.2658,251.82,0.0289,0,238.78,0.0002,0,218.19,0.2511,0,194.77,0,0,191.79,0.0001,0,185.79,0.0207,0,184.04,0.0188,0,183.93,0,0,181.51,0.3627,0,177.86,0.2893,0,Br0,-0.14226,-0.268039,0.0454,27.99916,6.93833,0.01711,34.9546,2221.199,1152.6455,-0.044301,0.16189,27.99904,6.82165,0.01743,34.83811,C1,0.079238,0.262872,-0.13462,1.99858,4.11469,0.02136,6.13462,64.2279,93.2041,0.084453,-0.07163,1.99857,4.05166,0.0214,6.07163,C2,-0.15705,-0.032289,-0.22937,1.99893,4.21517,0.01528,6.22937,64.0273,139.9864,-0.190756,-0.31217,1.99894,4.29118,0.02205,6.31217,C3,-0.19352,-0.14983,-0.30914,1.99901,4.29839,0.01174,6.30914,85.4828,140.6323,-0.20768,-0.35055,1.99904,4.33431,0.0172,6.35055,C4,0.379802,0.626936,0.31778,1.99879,3.66152,0.02191,5.68222,40.0009,129.4079,0.367039,0.34673,1.99879,3.63137,0.0231,5.65327,H5,0.153684,0.047785,0.25354,0,0.74539,0.00107,0.74646,25.1644,8.8095,0.137379,0.24348,0,0.75547,0.00104,0.75652,H6,0.140164,0.035033,0.24306,0,0.75608,0.00086,0.75694,25.8941,7.143,0.125026,0.23154,0,0.76752,0.00093,0.76846,9,O,0,1,0,0,-0.504938,-0.916551,-0.51845,1.99974,6.50694,0.01177,8.51845,237.2176,82.9155,-0.451418,-0.43455,1.99975,6.42305,0.01175,8.43455,1,C,1,0,-0.19352,-0.14983,-0.30914,1.99901,4.29839,0.01174,6.30914,85.4828,140.6323,-0.20768,-0.35055,1.99904,4.33431,0.0172,6.35055,2,C,0,1,0.379802,0.626936,0.31778,1.99879,3.66152,0.02191,5.68222,40.0009,129.4079,0.367039,0.34673,1.99879,3.63137,0.0231,5.65327,13,H,1,0.154652,0.050121,0.25472,0,0.74424,0.00104,0.74528,25.1531,8.4826,0.137158,0.24409,0,0.75493,0.00098,0.75591,15,16,-0.967046228,821.2611,1.2867,0.5113,8.0587,39.1466,0.0106,89.9759,845.3762,1.5047,0.6336,33.062,156.0224,0.0777,89.845,15,17,-0.98251272,821.2611,1.2867,0.5113,8.0587,39.1466,0.0106,89.9759,849.9262,1.2471,0.5308,0.0129,0.0607,-0.0209,92.0343,17,18,0.98177672,952.9309,1.3298,0.7115,0.0936,0.392,-0.001,90.1565,971.211,1.347,0.7486,0.0047,0.0192,0.0051,83.2235,17,19,-0.987953428,952.9309,1.3298,0.7115,0.0936,0.392,-0.001,90.1565,973.8308,1.3554,0.7573,0.1925,0.7887,-0.0026,90.2154,22,25,-0.992562997,1138.6675,1.3189,1.0076,7.8949,27.6602,0.0011,89.9964,1147.8623,1.3055,1.0135,3.9396,13.6922,-0.1104,90.4794,24,26,-0.996972274,1206.7447,1.1561,0.9919,20.1242,66.529,0.0045,89.9923,1214.6519,1.1398,0.9908,0.4071,1.3371,-0.0016,90.3483,27,29,0.958118662,1336.8984,1.2829,1.351,1.6065,4.794,0.0028,89.988,1336.8297,1.9417,2.0445,0.0672,0.2007,0.0201,89.4702,36,46,-0.963945234,3026.3643,1.0348,5.584,53.3478,70.3238,0.1048,89.9753,3180.9158,1.0892,6.493,12.0274,15.0844,0.357,77.6776,0.398820395,0.62836442,0.539894015,0.569743421,0.623933415,0.384150175,0.442831053,0.514056465,0.569743421,0.623933415,0.382862789
1-bromo-4-(trifluoromethyl)benzene,402-43-7,FC(F)(F)c1ccc(Br)cc1,C7H4BrF3,15,0,1,met,0.9239,225.0078,1189.3,3300.5435,-0.25907,-0.04009,0.14958,0.10949,0.10949,-3140.390231,0.095575,0.104886,0.105831,0.058206,-3140.294657,-3140.285345,-3140.284401,-3140.332026,2.5333,1140.758,3298.3355,237.83,0.0003,0,221.03,0.2053,0,216.08,0.0012,0,204.57,0,0,193.07,0.0001,0,192.96,0.0775,0,192.58,0.0622,0,184.03,0.0011,0,183.63,0.2225,0,166.37,0.4508,0,Br0,-0.113184,-0.258795,0.07077,27.99914,6.91299,0.0171,34.92923,2158.2843,1164.7652,-0.005727,0.20139,27.99901,6.78167,0.01793,34.79861,C1,0.090167,0.414207,-0.10192,1.99861,4.08136,0.02195,6.10192,50.6115,115.4166,0.069141,-0.11947,1.99862,4.09917,0.02167,6.11947,C2,-0.151913,-0.147531,-0.24028,1.99893,4.22618,0.01517,6.24028,64.3229,143.1146,-0.165398,-0.25747,1.99895,4.23791,0.02061,6.25747,C3,-0.157487,0.024818,-0.19529,1.99904,4.18212,0.01413,6.19529,68.7032,163.688,-0.177518,-0.23622,1.99907,4.21834,0.0188,6.23622,C4,-0.006171,-0.199376,-0.17308,1.99885,4.15869,0.01554,6.17308,64.345,151.2778,0.005006,-0.12035,1.99888,4.10439,0.01707,6.12035,H5,0.164741,0.056692,0.25952,0,0.73945,0.00103,0.74048,24.9346,8.7715,0.15715,0.24924,0,0.74976,0.001,0.75076,H6,0.16492,0.051939,0.25741,0,0.74121,0.00137,0.74259,24.8077,7.8849,0.158356,0.24936,0,0.74927,0.00137,0.75064,11,F,0,0,1,0,-0.259202,-0.590809,-0.36046,1.99993,7.35441,0.00613,9.36046,248.5316,126.5794,-0.258852,-0.35981,1.99993,7.35368,0.0062,9.35981,10,F,0,1,-0.268778,-0.551583,-0.36288,1.99993,7.35675,0.0062,9.36288,273.4941,121.8894,-0.268807,-0.36268,1.99993,7.35652,0.00623,9.36268,9,C,0,1,0.785412,1.766107,1.12773,1.99904,2.80313,0.0701,4.87227,63.3078,12.422,0.782852,1.11376,1.99907,2.81702,0.07015,4.88624,15,H,1,0.164741,0.056692,0.25952,0,0.73945,0.00103,0.74048,24.9346,8.7711,0.157152,0.24924,0,0.74976,0.001,0.75076,19,16,0.998092336,855.8841,1.5386,0.6641,50.1324,233.6743,-0.0305,90.0564,845.3762,1.5047,0.6336,33.062,156.0224,0.0777,89.845,18,17,0.999789605,854.178,1.2455,0.5354,0.1469,0.6861,0.0299,89.1578,849.9262,1.2471,0.5308,0.0129,0.0607,-0.0209,92.0343,20,18,0.999687037,981.9839,1.3501,0.767,0.067,0.2724,0.0004,89.9687,971.211,1.347,0.7486,0.0047,0.0192,0.0051,83.2235,21,19,-0.997715547,982.8484,1.3154,0.7486,0.2524,1.0247,-0.0011,90.0487,973.8308,1.3554,0.7573,0.1925,0.7887,-0.0026,90.2154,25,25,0.992576902,1135.626,1.524,1.158,35.4373,124.4894,-0.0105,90.0039,1147.8623,1.3055,1.0135,3.9396,13.6922,-0.1104,90.4794,28,26,-0.999036746,1216.6195,1.1525,1.0051,7.9785,26.1623,0.0612,89.8311,1214.6519,1.1398,0.9908,0.4071,1.3371,-0.0016,90.3483,29,29,0.984774365,1338.4766,1.3956,1.4731,0.0025,0.0075,-0.0006,90.0768,1336.8297,1.9417,2.0445,0.0672,0.2007,0.0201,89.4702,37,46,0.933714772,3219.769,1.0884,6.6477,0.4507,0.5584,0.0042,89.6999,3180.9158,1.0892,6.493,12.0274,15.0844,0.357,77.6776,0.399718571,0.629112901,0.538486872,0.561480195,0.681267028,0.383850783,0.416185144,0.407921919,0.424178917,0.567497979,0.383820844
1-chloro-4-ethylbenzene,622-98-0,CCc1ccc(Cl)cc1,C8H9Cl,18,0,1,failed,2.3291,140.6121,1486.54,1830.6542,-0.2373,-0.01041,0.123855,0.113445,0.113445,-770.4766456,0.147778,0.156303,0.157247,0.113256,-770.328867,-770.320342,-770.319398,-770.36339,1.5087,951.386,1829.1661,236.56,0.0061,0,211.04,0.1737,0,200.94,0.0011,0,181.73,0.0694,0,180.09,0.2045,0,178.65,0.6623,0,174.63,0,0,172.97,0.0001,0,159.35,0.0523,0,158.71,0.0885,0,Cl0,-0.031765,-0.37059,-0.01236,9.99968,6.99357,0.01911,17.01236,731.7074,459.0186,0.036516,0.06718,9.99964,6.91369,0.01949,16.93282,C1,-0.068382,0.414885,-0.04821,1.99854,4.02817,0.02149,6.04821,55.4628,102.4695,-0.074101,-0.02542,1.99856,4.00477,0.02209,6.02542,C2,-0.126966,-0.095772,-0.24201,1.99893,4.22823,0.01484,6.24201,67.4718,140.0795,-0.141179,-0.27104,1.99897,4.25139,0.02068,6.27104,C3,-0.179828,-0.02555,-0.21857,1.99902,4.20695,0.0126,6.21857,66.9786,147.4299,-0.196266,-0.25552,1.99905,4.23875,0.01771,6.25552,C4,0.17886,0.038781,-0.03632,1.99902,4.0214,0.0159,6.03632,54.3596,186.4185,0.187564,0.02188,1.99905,3.96112,0.01795,5.97812,H5,0.153044,0.044525,0.25224,0,0.74672,0.00104,0.74776,25.2052,7.0216,0.147621,0.24397,0,0.75499,0.00105,0.75603,H6,0.132127,0.014341,0.23805,0,0.76094,0.00101,0.76195,25.2045,6.7744,0.127032,0.23053,0,0.76842,0.00105,0.76947,10,C,1,0,0,0,-0.434061,0.075306,-0.66622,1.99945,4.6597,0.00707,6.66622,169.7577,28.2493,-0.433393,-0.66317,1.99944,4.6566,0.00713,6.66317,9,C,1,0,-0.341785,0.149857,-0.46856,1.99929,4.45774,0.01153,6.46856,157.8848,26.5695,-0.342268,-0.47676,1.99929,4.46544,0.01203,6.47676,7,H,1,0,0.153044,0.044525,0.25224,0,0.74672,0.00104,0.74776,25.2052,7.0216,0.147621,0.24397,0,0.75499,0.00105,0.75603,13,H,1,0.153047,0.044514,0.25223,0,0.74672,0.00104,0.74777,25.2027,7.0258,0.14764,0.24396,0,0.755,0.00105,0.75604,16,16,0.995047379,839.0044,1.5149,0.6283,35.8136,170.291,0.1386,89.2826,845.3762,1.5047,0.6336,33.062,156.0224,0.0777,89.845,17,17,-0.996307511,840.7968,1.2472,0.5195,0.0174,0.0826,-0.0324,92.5573,849.9262,1.2471,0.5308,0.0129,0.0607,-0.0209,92.0343,18,18,0.998577599,959.2446,1.2921,0.7005,0.0502,0.2089,0.0034,62.3216,971.211,1.347,0.7486,0.0047,0.0192,0.0051,83.2235,18,19,-0.99734959,959.2446,1.2921,0.7005,0.0502,0.2089,0.0034,62.3216,973.8308,1.3554,0.7573,0.1925,0.7887,-0.0026,90.2154,25,25,0.999763843,1147.9121,1.2949,1.0053,3.9491,13.7246,-0.1281,90.6956,1147.8623,1.3055,1.0135,3.9396,13.6922,-0.1104,90.4794,26,26,-0.999358049,1213.0364,1.1514,0.9982,0.6097,2.0051,-0.002,90.8007,1214.6519,1.1398,0.9908,0.4071,1.3371,-0.0016,90.3483,29,29,0.999599615,1334.0893,1.8163,1.9046,0.0092,0.0274,0.009,89.0859,1336.8297,1.9417,2.0445,0.0672,0.2007,0.0201,89.4702,46,46,0.999849115,3181.7071,1.0891,6.4957,11.5319,14.4593,0.4293,36.6679,3180.9158,1.0892,6.493,12.0274,15.0844,0.357,77.6776,0.3808868,0.614263046,0.533606778,0.555252837,0.667165654,0.37702464,0.402113709,0.43022664,0.551061345,0.37702464,0.376725248
1-chloro-4-methoxybenzene,623-12-1,COc1ccc(Cl)cc1,C7H7ClO,16,0,1,met,2.8944,142.5847,1098.721,1756.9864,-0.22017,-0.01182,0.115995,0.104175,0.104175,-806.3671035,0.124016,0.13208,0.133025,0.090721,-806.243087,-806.235023,-806.234079,-806.276382,3.2757,1158.651,1753.6254,249.61,0.0321,0,215.19,0.2094,0,212.83,0.0006,0,179.18,0.4327,0,178.49,0,0,177.28,0.4275,0,174.63,0.0001,0,172.95,0.0503,0,168,0,0,163.1,0.0026,0,Cl0,-0.034923,-0.358229,-0.01519,9.99968,6.99629,0.01922,17.01519,742.6232,457.6379,0.029722,0.06075,9.99964,6.92055,0.01906,16.93925,C1,-0.069438,0.317541,-0.06836,1.99853,4.04852,0.0213,6.06836,61.96,93.7516,-0.057429,0.00348,1.99853,3.97608,0.0219,5.99652,C2,-0.138236,-0.020121,-0.23033,1.99894,4.21636,0.01503,6.23033,66.8738,140.6465,-0.170521,-0.30879,1.99896,4.2882,0.02163,6.30879,C3,-0.190513,-0.144252,-0.30914,1.99902,4.29842,0.0117,6.30914,85.9094,141.5372,-0.200978,-0.34345,1.99905,4.3273,0.0171,6.34345,C4,0.377159,0.610346,0.31634,1.99879,3.66303,0.02183,5.68366,40.5003,128.2451,0.361317,0.34093,1.99879,3.63724,0.02304,5.65907,H5,0.15436,0.04705,0.25274,0,0.74624,0.00102,0.74726,25.2419,7.1259,0.141008,0.24393,0,0.75505,0.00103,0.75607,H6,0.139866,0.037591,0.24291,0,0.75624,0.00086,0.75709,25.8992,7.0332,0.126579,0.23162,0,0.76743,0.00095,0.76838,9,O,0,1,0,0,-0.504931,-0.901038,-0.51877,1.99974,6.50728,0.01175,8.51877,237.6261,82.538,-0.446203,-0.4268,1.99975,6.41533,0.01173,8.4268,1,C,1,0,-0.190513,-0.144252,-0.30914,1.99902,4.29842,0.0117,6.30914,85.9094,141.5372,-0.200978,-0.34345,1.99905,4.3273,0.0171,6.34345,2,C,0,1,0.377159,0.610346,0.31634,1.99879,3.66303,0.02183,5.68366,40.5003,128.2451,0.361317,0.34093,1.99879,3.63724,0.02304,5.65907,13,H,1,0.155387,0.049169,0.25395,0,0.74505,0.00099,0.74605,25.2281,6.7905,0.140723,0.24454,0,0.75449,0.00097,0.75546,14,16,-0.975635922,815.0415,1.2798,0.5009,7.1827,35.1575,0.0126,89.9653,845.3762,1.5047,0.6336,33.062,156.0224,0.0777,89.845,14,17,-0.991302676,815.0415,1.2798,0.5009,7.1827,35.1575,0.0126,89.9653,849.9262,1.2471,0.5308,0.0129,0.0607,-0.0209,92.0343,17,18,0.991378219,935.6085,1.2929,0.6668,0.0305,0.1301,0.0001,89.9777,971.211,1.347,0.7486,0.0047,0.0192,0.0051,83.2235,17,19,-0.995425948,935.6085,1.2929,0.6668,0.0305,0.1301,0.0001,89.9777,973.8308,1.3554,0.7573,0.1925,0.7887,-0.0026,90.2154,22,25,-0.992387926,1138.9037,1.3095,1.0007,7.6877,26.9287,-0.0016,90.0093,1147.8623,1.3055,1.0135,3.9396,13.6922,-0.1104,90.4794,24,26,-0.997797426,1204.9012,1.1552,0.9881,18.6691,61.8129,0.0027,89.9945,1214.6519,1.1398,0.9908,0.4071,1.3371,-0.0016,90.3483,27,29,0.963558209,1333.4833,1.2979,1.3598,0.799,2.3905,0.0028,89.9803,1336.8297,1.9417,2.0445,0.0672,0.2007,0.0201,89.4702,36,46,-0.96145801,3026.0623,1.0348,5.583,52.4486,69.1454,0.036,89.9901,3180.9158,1.0892,6.493,12.0274,15.0844,0.357,77.6776,0.380437711,0.613933715,0.535403132,0.570252388,0.624292686,0.378132391,0.443789108,0.514236101,0.570252388,0.624292686,0.37702464
1-chloro-4-(trifluoromethyl)benzene,98-56-6,FC(F)(F)c1ccc(Cl)cc1,C7H4ClF3,15,0,1,met,0.7724,180.5568,1319.233,2409.8225,-0.26482,-0.03962,0.15222,0.1126,0.1126,-1028.881517,0.096006,0.105091,0.106035,0.0597,-1028.785511,-1028.776426,-1028.775481,-1028.821817,1.6389,1204.517,2408.2261,234.78,0.0001,0,213.06,0.1637,0,191.17,0.0008,0,184.64,0,0,183.89,0.2675,0,178.33,0.5145,0,176.25,0.0002,0,175.33,0.0002,0,159.08,0.1255,0,157.33,0.0189,0,Cl0,-0.007117,-0.35019,0.008,9.99967,6.9729,0.01943,16.992,713.3882,454.081,0.053257,0.08039,9.99963,6.89983,0.02014,16.91961,C1,-0.057892,0.468544,-0.03501,1.99856,4.01457,0.02188,6.03501,49.8673,113.3502,-0.072937,-0.04934,1.9986,4.02839,0.02235,6.04934,C2,-0.134038,-0.130805,-0.24108,1.99894,4.22723,0.01491,6.24108,67.1224,143.6868,-0.14248,-0.24438,1.99897,4.22529,0.02012,6.24438,C3,-0.154152,0.024574,-0.19525,1.99904,4.18211,0.0141,6.19525,68.6657,165.1538,-0.167315,-0.22108,1.99908,4.20343,0.01857,6.22108,C4,-0.00846,-0.197444,-0.1743,1.99885,4.15997,0.01549,6.1743,64.8074,150.2788,-0.001301,-0.12897,1.99889,4.11288,0.0172,6.12897,H5,0.165907,0.05644,0.25895,0,0.74007,0.00098,0.74105,25.0296,7.0658,0.163775,0.25066,0,0.74834,0.00099,0.74934,H6,0.164768,0.054396,0.25736,0,0.74127,0.00137,0.74264,24.7856,7.8419,0.162658,0.2503,0,0.74831,0.00139,0.7497,11,F,0,0,1,0,-0.259212,-0.586285,-0.36049,1.99993,7.35443,0.00613,9.36049,248.4832,126.6517,-0.258274,-0.35966,1.99993,7.3535,0.00623,9.35966,10,F,0,1,-0.268888,-0.54806,-0.36293,1.99993,7.3568,0.0062,9.36293,273.3825,121.9086,-0.268556,-0.36245,1.99993,7.35628,0.00624,9.36245,9,C,0,1,0.785436,1.75225,1.12769,1.99904,2.80316,0.0701,4.87231,63.3362,12.6156,0.783038,1.11145,1.99908,2.81921,0.07026,4.88855,15,H,1,0.165907,0.056441,0.25895,0,0.74007,0.00098,0.74105,25.0296,7.0662,0.163772,0.25066,0,0.74835,0.00099,0.74934,19,16,0.990221257,848.9517,1.5467,0.6568,53.1779,249.8938,-0.0113,90.0203,845.3762,1.5047,0.6336,33.062,156.0224,0.0777,89.845,18,17,0.996198191,844.9017,1.2454,0.5238,0.1366,0.6451,0.0055,89.8465,849.9262,1.2471,0.5308,0.0129,0.0607,-0.0209,92.0343,21,18,-0.997567629,971.1676,1.3388,0.7439,0.0809,0.3324,-0.005,90.4025,971.211,1.347,0.7486,0.0047,0.0192,0.0051,83.2235,21,19,0.992529637,971.1676,1.3388,0.7439,0.0809,0.3324,-0.005,90.4025,973.8308,1.3554,0.7573,0.1925,0.7887,-0.0026,90.2154,25,25,0.991118388,1136.174,1.5033,1.1433,35.307,123.972,-0.0194,90.0092,1147.8623,1.3055,1.0135,3.9396,13.6922,-0.1104,90.4794,28,26,-0.997974431,1215.4071,1.1596,1.0093,6.8263,22.4063,0.3338,88.7707,1214.6519,1.1398,0.9908,0.4071,1.3371,-0.0016,90.3483,29,29,0.983209756,1335.6093,1.3837,1.4543,0.1673,0.4997,-0.0035,90.0698,1336.8297,1.9417,2.0445,0.0672,0.2007,0.0201,89.4702,37,46,0.910088008,3219.7564,1.0884,6.6477,0.24,0.2974,0.0057,89.5817,3180.9158,1.0892,6.493,12.0274,15.0844,0.357,77.6776,0.381904733,0.61486183,0.534175623,0.561480195,0.681296967,0.377353971,0.416304901,0.407981797,0.42405916,0.56707883,0.37741385
1-ethyl-4-iodobenzene,25309-64-2,CCc1ccc(I)cc1,C8H9I,18,0,1,failed,2.2853,232.0636,1189.984,2147.9538,-0.23248,-0.03083,0.131655,0.100825,0.100825,-321.6520302,0.146861,0.155805,0.156749,0.110363,-321.505169,-321.496225,-321.495281,-321.541667,6.1883,1575.925,2149.7334,278.84,0.0015,0,240.26,0.0048,0,238.17,0.0002,0,234.55,0.0019,0,220.87,0.222,0,210.62,0.0016,0,204.94,0,0,203.32,0.0001,0,197.05,0.0494,0,189.31,0.037,0,I0,0.123639,-0.218281,0.14219,46,6.85315,0.00465,52.85781,44.6004,30.0984,-0.039423,0.04383,46,6.92931,0.02686,52.95617,C1,-0.313103,0.35828,-0.22034,1.99862,4.19503,0.02669,6.22034,62.4658,93.838,-0.244418,-0.25051,1.99874,4.22019,0.03158,6.25051,C2,-0.07959,-0.132195,-0.23457,1.99875,4.21971,0.0161,6.23457,61.0663,136.2201,-0.076412,-0.20612,1.99878,4.19023,0.0171,6.20612,C3,-0.17728,-0.034275,-0.2185,1.99887,4.20652,0.01312,6.2185,67.1175,144.3401,-0.164782,-0.21912,1.99889,4.20661,0.01362,6.21912,C4,0.177656,0.056138,-0.03227,1.99886,4.01721,0.0162,6.03227,53.6978,188.4898,0.195427,0.05661,1.99885,3.9285,0.01603,5.94339,H5,0.148681,0.044393,0.25141,0,0.74755,0.00104,0.74859,25.1702,8.5431,0.148951,0.23696,0,0.75912,0.00392,0.76304,H6,0.130915,0.004627,0.23787,0,0.76091,0.00122,0.76213,25.3265,6.857,0.130806,0.23317,0,0.76438,0.00245,0.76683,10,C,1,0,0,0,-0.43434,0.073099,-0.66358,1.9993,4.65689,0.00739,6.66358,170.3334,28.2205,-0.440181,-0.66317,1.99928,4.65631,0.00757,6.66317,9,C,1,0,-0.338889,0.149844,-0.46791,1.99914,4.45692,0.01184,6.46791,158.4837,26.5178,-0.343339,-0.48038,1.99914,4.46928,0.01196,6.48038,7,H,1,0,0.148681,0.044393,0.25141,0,0.74755,0.00104,0.74859,25.1702,8.5431,0.148951,0.23696,0,0.75912,0.00392,0.76304,13,H,1,0.148681,0.044381,0.25141,0,0.74755,0.00104,0.74859,25.1684,8.5457,0.148936,0.23697,0,0.75911,0.00392,0.76303,16,16,0.992529523,834.7674,1.4971,0.6147,30.9183,147.7602,0.1251,89.8611,845.3762,1.5047,0.6336,33.062,156.0224,0.0777,89.845,17,17,-0.99966192,844.6539,1.248,0.5246,0.0155,0.0734,-0.0175,91.8939,849.9262,1.2471,0.5308,0.0129,0.0607,-0.0209,92.0343,19,18,-0.999674983,966.1776,1.3474,0.7411,0.0035,0.0145,0.0023,86.0057,971.211,1.347,0.7486,0.0047,0.0192,0.0051,83.2235,18,19,-0.998242719,964.5764,1.3035,0.7146,0.0003,0.0014,0.0007,87.858,973.8308,1.3554,0.7573,0.1925,0.7887,-0.0026,90.2154,25,25,0.999289253,1149.7656,1.3257,1.0326,2.8011,9.7192,-0.0886,90.3701,1147.8623,1.3055,1.0135,3.9396,13.6922,-0.1104,90.4794,26,26,-0.999377754,1219.6955,1.1313,0.9916,0.6546,2.141,-0.0015,90.2182,1214.6519,1.1398,0.9908,0.4071,1.3371,-0.0016,90.3483,29,29,0.998443622,1335.5432,2.1669,2.2773,0,0.0001,0.0244,68.309,1336.8297,1.9417,2.0445,0.0672,0.2007,0.0201,89.4702,46,46,0.999878125,3180.9496,1.0891,6.493,11.6297,14.5854,0.4176,82.4033,3180.9158,1.0892,6.493,12.0274,15.0844,0.357,77.6776,0.457800665,0.649351816,0.545732164,0.556210892,0.667195593,0.394299572,0.4032514,0.430436214,0.551240981,0.394299572,0.394119937
1-iodo-4-methoxybenzene,696-62-8,COc1ccc(I)cc1,C7H7IO,16,0,1,met,2.8584,234.0362,1222.02,2070.2823,-0.21882,-0.02923,0.124025,0.094795,0.094795,-357.5424959,0.123151,0.131627,0.132571,0.087915,-357.419345,-357.410869,-357.409925,-357.454581,8.7935,1125.545,2070.4242,296.99,0.001,0,251.85,0.0273,0,233.95,0.0017,0,233.66,0.0001,0,220.42,0.2684,0,220.17,0.0018,0,205.57,0,0,198.06,0.0019,0,195.78,0,0,188.48,0.0504,0,I0,0.122186,-0.204388,0.14094,46,6.85438,0.00468,52.85906,44.9013,29.9999,-0.118391,-0.05535,46,7.02977,0.02558,53.05535,C1,-0.318888,0.254331,-0.24175,1.99861,4.21664,0.0265,6.24175,70.6964,83.4748,-0.234802,-0.24421,1.99875,4.21251,0.03295,6.24421,C2,-0.084224,-0.046996,-0.2227,1.99876,4.2078,0.01614,6.2227,60.5908,137.0266,-0.085153,-0.19693,1.9988,4.18093,0.0172,6.19693,C3,-0.202756,-0.162033,-0.31131,1.99889,4.30009,0.01234,6.31131,85.6482,138.9573,-0.182773,-0.29135,1.99891,4.27987,0.01257,6.29135,C4,0.36738,0.65142,0.32594,1.99862,3.6529,0.02255,5.67406,39.9285,131.1507,0.379954,0.37628,1.9986,3.60312,0.022,5.62372,H5,0.149606,0.046326,0.25183,0,0.74714,0.00102,0.74817,25.2249,8.6564,0.154941,0.23975,0,0.75603,0.00422,0.76025,H6,0.140065,0.02921,0.2426,0,0.75637,0.00103,0.7574,25.9939,7.1394,0.143251,0.23817,0,0.75957,0.00227,0.76183,9,O,0,1,0,0,-0.482844,-0.933258,-0.52081,1.99966,6.50947,0.01168,8.52081,237.6998,83.5398,-0.436483,-0.45459,1.99966,6.4433,0.01163,8.45459,1,C,1,0,-0.202756,-0.162033,-0.31131,1.99889,4.30009,0.01234,6.31131,85.6482,138.9573,-0.182773,-0.29135,1.99891,4.27987,0.01257,6.29135,2,C,0,1,0.36738,0.65142,0.32594,1.99862,3.6529,0.02255,5.67406,39.9285,131.1507,0.379954,0.37628,1.9986,3.60312,0.022,5.62372,13,H,1,0.150878,0.048694,0.25305,0,0.74596,0.00099,0.74695,25.2245,8.2892,0.154365,0.24202,0,0.75403,0.00395,0.75798,15,16,-0.975776493,817.5886,1.2961,0.5104,8.9765,43.8005,0.0092,89.9824,845.3762,1.5047,0.6336,33.062,156.0224,0.0777,89.845,15,17,-0.988288441,817.5886,1.2961,0.5104,8.9765,43.8005,0.0092,89.9824,849.9262,1.2471,0.5308,0.0129,0.0607,-0.0209,92.0343,17,18,0.989530649,943.7499,1.3057,0.6852,0.0582,0.2462,0.0002,89.969,971.211,1.347,0.7486,0.0047,0.0192,0.0051,83.2235,17,19,-0.993981096,943.7499,1.3057,0.6852,0.0582,0.2462,0.0002,89.969,973.8308,1.3554,0.7573,0.1925,0.7887,-0.0026,90.2154,22,25,-0.992430416,1140.8944,1.3393,1.0271,6.5468,22.8923,0.0009,89.9977,1147.8623,1.3055,1.0135,3.9396,13.6922,-0.1104,90.4794,24,26,-0.994614616,1211.5957,1.1657,1.0082,23.2352,76.5062,0.0018,89.9976,1214.6519,1.1398,0.9908,0.4071,1.3371,-0.0016,90.3483,27,29,-0.960988527,1338.2824,1.2821,1.3529,1.368,4.0779,0.0014,89.9917,1336.8297,1.9417,2.0445,0.0672,0.2007,0.0201,89.4702,36,46,-0.964226192,3027.0063,1.0348,5.5866,54.4285,71.7332,0.0622,89.9869,3180.9158,1.0892,6.493,12.0274,15.0844,0.357,77.6776,0.458040178,0.64917218,0.547708152,0.57016257,0.624023233,0.395676776,0.442801114,0.514415736,0.57016257,0.624023233,0.394089997
1-iodo-4-(trifluoromethyl)benzene,455-13-0,FC(F)(F)c1ccc(I)cc1,C7H4F3I,15,0,1,met,0.9325,272.0083,1095.191,2745.8639,-0.25415,-0.045,0.149575,0.104575,0.104575,-580.0550631,0.095056,0.104581,0.105526,0.056699,-579.960007,-579.950482,-579.949538,-579.998365,1.3725,1501.976,2750.5723,267.47,0.0018,0,240.02,0.0003,0,235.52,0.0017,0,231.07,0.1833,0,230.36,0,0,221.08,0,0,208.54,0,0,202.67,0.0677,0,202.12,0.0013,0,190.4,0.0097,0,I0,0.156518,-0.187822,0.16995,46,6.82527,0.00478,52.83005,43.725,30.5873,0.056998,0.15611,46,6.81582,0.02808,52.84389,C1,-0.308092,0.398982,-0.21216,1.99864,4.1863,0.02722,6.21216,55.2864,110.5013,-0.252841,-0.27323,1.99874,4.24394,0.03056,6.27323,C2,-0.086035,-0.165491,-0.23345,1.99876,4.21852,0.01618,6.23345,60.8025,140.4652,-0.07962,-0.20187,1.99878,4.18614,0.01694,6.20187,C3,-0.152074,0.017877,-0.1957,1.9989,4.18227,0.01454,6.1957,69.4041,161.4735,-0.147033,-0.20574,1.99891,4.19182,0.01501,6.20574,C4,-0.024374,-0.191557,-0.17281,1.99872,4.1585,0.01559,6.17281,64.2929,152.2687,-0.005657,-0.10493,1.99871,4.09061,0.0156,6.10493,H5,0.160762,0.0549,0.25753,0,0.7415,0.00097,0.74247,24.9624,8.5978,0.154326,0.23985,0,0.75623,0.00391,0.76015,H6,0.163084,0.046268,0.25667,0,0.74171,0.00162,0.74333,24.9476,7.9004,0.159081,0.25142,0,0.74605,0.00253,0.74858,11,F,0,0,1,0,-0.287907,-0.594922,-0.36344,1.9999,7.35685,0.00669,9.36344,249.9596,125.0175,-0.282641,-0.35751,1.9999,7.35084,0.00677,9.35751,12,F,0,1,-0.294849,-0.555537,-0.36629,1.9999,7.35987,0.00652,9.36629,274.9298,120.9885,-0.290083,-0.36205,1.9999,7.35555,0.0066,9.36205,9,C,0,1,0.882028,1.779275,1.14096,1.99891,2.79023,0.0699,4.85904,64.008,12.3424,0.890754,1.13633,1.99893,2.79512,0.06962,4.86367,7,H,1,0.160762,0.0549,0.25753,0,0.7415,0.00097,0.74247,24.9624,8.5978,0.154326,0.23985,0,0.75623,0.00391,0.76015,18,16,0.989904652,843.7601,1.5206,0.6378,46.8805,221.6567,0.0038,89.9966,845.3762,1.5047,0.6336,33.062,156.0224,0.0777,89.845,19,17,-0.999258403,849.1506,1.2465,0.5295,0.141,0.6625,-0.0036,90.1216,849.9262,1.2471,0.5308,0.0129,0.0607,-0.0209,92.0343,21,18,-0.999510993,976.1261,1.3507,0.7583,0.0725,0.2962,-0.0054,90.442,971.211,1.347,0.7486,0.0047,0.0192,0.0051,83.2235,21,19,0.996010403,976.1261,1.3507,0.7583,0.0725,0.2962,-0.0054,90.442,973.8308,1.3554,0.7573,0.1925,0.7887,-0.0026,90.2154,25,25,-0.992418708,1137.6667,1.5562,1.1867,31.0003,108.7071,0.007,89.9977,1147.8623,1.3055,1.0135,3.9396,13.6922,-0.1104,90.4794,28,26,-0.999141091,1221.898,1.1497,1.0114,8.1973,26.7634,0.0239,89.9409,1214.6519,1.1398,0.9908,0.4071,1.3371,-0.0016,90.3483,29,29,0.997283802,1338.7585,1.713,1.8089,0.0154,0.0459,-0.0088,91.167,1336.8297,1.9417,2.0445,0.0672,0.2007,0.0201,89.4702,37,46,0.94359613,3219.7417,1.0883,6.6472,0.2131,0.2641,0.0006,89.9672,3180.9158,1.0892,6.493,12.0274,15.0844,0.357,77.6776,0.458788659,0.650519446,0.546540523,0.561839466,0.681536481,0.395227688,0.416155205,0.407921919,0.424029221,0.567348283,0.395227688
2-bromopyridine,109-04-6,Brc1ccccn1,C5H4BrN,11,0,1,met,3.4076,157.9973,1036.93,1188.5308,-0.25464,-0.03775,0.146195,0.108445,0.108445,-2819.39078,0.078793,0.084381,0.085325,0.047963,-2819.311986,-2819.306399,-2819.305455,-2819.342817,1.1297,1104.555,1189.9795,243.32,0.0037,0,240.08,0.0415,0,231.66,0.0001,0,213.98,0.1131,0,213.24,0.0001,0,207.11,0.0002,0,203.79,0,0,192.3,0.0234,0,186.16,0.0244,0,180.61,0.0141,0,Br0,-0.109255,-0.317391,0.04558,27.99917,6.93876,0.0165,34.95442,2016.8169,1378.7193,-0.067855,0.09281,27.99911,6.89083,0.01724,34.90719,C1,0.249032,0.670363,0.13763,1.99877,3.83066,0.03295,5.86237,32.6304,82.9734,0.269204,0.07894,1.99876,3.89245,0.02986,5.92106,C2,-0.134706,-0.213709,-0.27979,1.99889,4.26655,0.01436,6.27979,67.5165,133.1971,-0.149198,-0.30756,1.99889,4.29201,0.01666,6.30756,C3,-0.101175,0.1326,-0.19084,1.99909,4.17798,0.01376,6.19084,60.131,178.7042,-0.179385,-0.34107,1.9991,4.32266,0.01931,6.34107,C4,-0.13803,-0.122822,-0.27831,1.99908,4.26663,0.0126,6.27831,74.4501,160.464,-0.114358,-0.23721,1.99906,4.22433,0.01383,6.23721,H5,0.163648,0.057771,0.25947,0,0.73946,0.00106,0.74053,25.133,9.1445,0.162754,0.26705,0,0.7322,0.00075,0.73295,H6,0.155709,0.027059,0.24844,0,0.7508,0.00075,0.75156,24.9236,4.6561,0.13232,0.24362,0,0.75577,0.00062,0.75638,5,N,0,0,0,1,-0.425306,-0.520365,-0.44966,1.9993,5.42683,0.02353,7.44966,-58.261,471.38,-0.377829,-0.19551,1.99877,5.17629,0.02045,7.19551,7,C,1,0,-0.134706,-0.213709,-0.27979,1.99889,4.26655,0.01436,6.27979,67.5165,133.1971,-0.149198,-0.30756,1.99889,4.29201,0.01666,6.30756,6,C,0,1,0.249032,0.670363,0.13763,1.99877,3.83066,0.03295,5.86237,32.6304,82.9734,0.269204,0.07894,1.99876,3.89245,0.02986,5.92106,8,H,1,0.163648,0.057771,0.25947,0,0.73946,0.00106,0.74053,25.133,9.1445,0.162754,0.26705,0,0.7322,0.00075,0.73295,9,16,0.937758871,780.9092,1.3086,0.4702,42.4555,216.8908,-0.0005,90.0002,845.3762,1.5047,0.6336,33.062,156.0224,0.0777,89.845,9,17,0.965481086,780.9092,1.3086,0.4702,42.4555,216.8908,-0.0005,90.0002,849.9262,1.2471,0.5308,0.0129,0.0607,-0.0209,92.0343,11,18,-0.978178306,976.0525,1.3916,0.7811,0.1335,0.5455,-0.0003,90.0053,971.211,1.347,0.7486,0.0047,0.0192,0.0051,83.2235,11,19,0.968450272,976.0525,1.3916,0.7811,0.1335,0.5455,-0.0003,90.0053,973.8308,1.3554,0.7573,0.1925,0.7887,-0.0026,90.2154,17,25,-0.975390611,1184.1514,1.1348,0.9376,3.5833,12.0721,-0.0001,90,1147.8623,1.3055,1.0135,3.9396,13.6922,-0.1104,90.4794,17,26,-0.98750298,1184.1514,1.1348,0.9376,3.5833,12.0721,-0.0001,90,1214.6519,1.1398,0.9908,0.4071,1.3371,-0.0016,90.3483,19,29,0.967231785,1327.3635,1.6383,1.7007,0.3732,1.1218,0.0002,89.9968,1336.8297,1.9417,2.0445,0.0672,0.2007,0.0201,89.4702,25,46,0.99868259,3200.6082,1.0896,6.5764,10.4423,13.0158,0,90,3180.9158,1.0892,6.493,12.0274,15.0844,0.357,77.6776,0.392533158,0.60986198,0.535762402,0.499266489,0.496871351,0.381964612,0.338013832,0.514924703,0.535762402,0.60986198,0.381964612
2-chloropyridine,109-09-1,Clc1ccccn1,C5H4ClN,11,0,1,met,3.5201,113.5463,830.234,865.0695,-0.26145,-0.03753,0.14949,0.11196,0.11196,-707.8831358,0.079352,0.084714,0.085658,0.049634,-707.803784,-707.798422,-707.797478,-707.833502,1.5038,1024.544,865.1661,239.97,0.004,0,232.46,0.0436,0,228.33,0.0001,0,203.4,0.1083,0,189.2,0,0,182.15,0.0003,0,181.7,0.0003,0,178.72,0.0645,0,172.55,0.2855,0,166.29,0.1239,0,Cl0,-0.010522,-0.395146,-0.00806,9.99967,6.98969,0.01871,17.00806,644.9029,568.245,0.014623,0.01764,9.99966,6.96366,0.01904,16.98236,C1,0.111569,0.702671,0.19535,1.99874,3.77444,0.03147,5.80465,35.1772,86.1934,0.130562,0.13994,1.99874,3.83205,0.02927,5.86006,C2,-0.121743,-0.19231,-0.28043,1.9989,4.26746,0.01407,6.28043,71.1477,135.2201,-0.137008,-0.31195,1.9989,4.2965,0.01655,6.31195,C3,-0.099482,0.129276,-0.19074,1.9991,4.17791,0.01373,6.19074,59.7767,180.2342,-0.176165,-0.33837,1.9991,4.32006,0.0192,6.33837,C4,-0.137904,-0.122938,-0.27958,1.99908,4.26792,0.01257,6.27958,74.6817,160.4992,-0.112158,-0.23573,1.99905,4.22289,0.01379,6.23573,H5,0.164127,0.056207,0.25839,0,0.74057,0.00103,0.74161,25.2516,7.3686,0.167131,0.26862,0,0.73071,0.00067,0.73138,H6,0.155528,0.03005,0.24824,0,0.75102,0.00074,0.75176,24.8765,4.6079,0.133206,0.24402,0,0.75536,0.00061,0.75598,5,N,0,0,0,1,-0.402017,-0.495553,-0.45112,1.99931,5.42843,0.02338,7.45112,-51.9232,467.8836,-0.346055,-0.17886,1.9988,5.16338,0.01668,7.17886,7,C,1,0,-0.121743,-0.19231,-0.28043,1.9989,4.26746,0.01407,6.28043,71.1477,135.2201,-0.137008,-0.31195,1.9989,4.2965,0.01655,6.31195,6,C,0,1,0.111569,0.702671,0.19535,1.99874,3.77444,0.03147,5.80465,35.1772,86.1934,0.130562,0.13994,1.99874,3.83205,0.02927,5.86006,8,H,1,0.164127,0.056207,0.25839,0,0.74057,0.00103,0.74161,25.2516,7.3686,0.167131,0.26862,0,0.73071,0.00067,0.73138,9,16,-0.944145661,780.9335,1.3242,0.4758,46.1727,235.8732,-0.0001,90,845.3762,1.5047,0.6336,33.062,156.0224,0.0777,89.845,9,17,-0.970771493,780.9335,1.3242,0.4758,46.1727,235.8732,-0.0001,90,849.9262,1.2471,0.5308,0.0129,0.0607,-0.0209,92.0343,11,18,0.969004064,975.5281,1.3892,0.7789,0.1531,0.6263,-0.0006,90.0083,971.211,1.347,0.7486,0.0047,0.0192,0.0051,83.2235,11,19,-0.956982392,975.5281,1.3892,0.7789,0.1531,0.6263,-0.0006,90.0083,973.8308,1.3554,0.7573,0.1925,0.7887,-0.0026,90.2154,17,25,0.97423481,1183.7524,1.133,0.9354,2.5144,8.4738,0,90,1147.8623,1.3055,1.0135,3.9396,13.6922,-0.1104,90.4794,17,26,0.985816811,1183.7524,1.133,0.9354,2.5144,8.4738,0,90,1214.6519,1.1398,0.9908,0.4071,1.3371,-0.0016,90.3483,19,29,-0.95714305,1327.594,1.5319,1.5907,1.1785,3.5413,0.0002,89.9979,1336.8297,1.9417,2.0445,0.0672,0.2007,0.0201,89.4702,25,46,0.998655738,3201.3697,1.0895,6.5788,9.7343,12.1305,0,90,3180.9158,1.0892,6.493,12.0274,15.0844,0.357,77.6776,0.373910961,0.595311518,0.531511033,0.499386246,0.496871351,0.375587557,0.337953953,0.510044609,0.531511033,0.595311518,0.375587557
2-iodopyridine,5029-67-4,Ic1ccccn1,C5H4IN,11,0,1,met,3.5586,204.9978,1050.645,1099.8929,-0.24792,-0.03884,0.14338,0.10454,0.10454,-259.0582341,0.078328,0.084114,0.085058,0.046587,-258.979906,-258.97412,-258.973176,-259.011647,4.585,846.353,1101.2348,260.17,0.0017,0,250.51,0.0183,0,250.25,0.0036,0,243.31,0.0079,0,238.26,0.0004,0,232.8,0.0012,0,230.37,0.0245,0,221.82,0,0,213.58,0.2654,0,206.86,0.0003,0,I0,0.11537,-0.28751,0.12615,46,6.86939,0.00446,52.87385,41.6254,32.9317,0.074978,0.1828,46,6.78912,0.02808,52.8172,C1,-0.157619,0.737299,0.04441,1.99879,3.91734,0.03946,5.95559,30.9187,68.9863,-0.131518,-0.0555,1.99884,4.01395,0.04271,6.0555,C2,-0.064096,-0.241734,-0.2744,1.99873,4.26036,0.01531,6.2744,63.1037,127.7949,-0.060365,-0.2297,1.99874,4.21497,0.01599,6.2297,C3,-0.101577,0.127045,-0.19103,1.99894,4.17797,0.01412,6.19103,61.1743,176.4126,-0.10044,-0.21006,1.99896,4.19649,0.01461,6.21006,C4,-0.129802,-0.119123,-0.27457,1.99893,4.26255,0.01309,6.27457,74.4251,160.234,-0.117284,-0.22918,1.99893,4.21719,0.01306,6.22918,H5,0.161505,0.055556,0.2575,0,0.74144,0.00106,0.7425,25.2665,8.6985,0.153338,0.24016,0,0.75616,0.00369,0.75984,H6,0.15523,0.021783,0.24848,0,0.75059,0.00093,0.75152,25.1284,4.5404,0.146223,0.24007,0,0.75779,0.00213,0.75993,5,N,0,0,0,1,-0.290876,-0.586147,-0.44606,1.9991,5.42247,0.02449,7.44606,-71.1502,465.5713,-0.294156,-0.46363,1.99916,5.43745,0.02702,7.46363,7,C,1,0,-0.064096,-0.241734,-0.2744,1.99873,4.26036,0.01531,6.2744,63.1037,127.7949,-0.060365,-0.2297,1.99874,4.21497,0.01599,6.2297,6,C,0,1,-0.157619,0.737299,0.04441,1.99879,3.91734,0.03946,5.95559,30.9187,68.9863,-0.131518,-0.0555,1.99884,4.01395,0.04271,6.0555,8,H,1,0.161505,0.055556,0.2575,0,0.74144,0.00106,0.7425,25.2665,8.6985,0.153338,0.24016,0,0.75616,0.00369,0.75984,9,16,-0.961717102,775.4251,1.216,0.4308,41.0902,211.4006,-0.0005,90.0002,845.3762,1.5047,0.6336,33.062,156.0224,0.0777,89.845,9,17,-0.988834888,775.4251,1.216,0.4308,41.0902,211.4006,-0.0005,90.0002,849.9262,1.2471,0.5308,0.0129,0.0607,-0.0209,92.0343,11,18,0.977705591,975.0617,1.3908,0.7791,0.0573,0.2346,-0.0003,90.0064,971.211,1.347,0.7486,0.0047,0.0192,0.0051,83.2235,11,19,-0.966519495,975.0617,1.3908,0.7791,0.0573,0.2346,-0.0003,90.0064,973.8308,1.3554,0.7573,0.1925,0.7887,-0.0026,90.2154,17,25,0.975296701,1185.7702,1.1413,0.9455,3.6258,12.1987,-0.0001,90,1147.8623,1.3055,1.0135,3.9396,13.6922,-0.1104,90.4794,17,26,0.987528586,1185.7702,1.1413,0.9455,3.6258,12.1987,-0.0001,90,1214.6519,1.1398,0.9908,0.4071,1.3371,-0.0016,90.3483,19,29,-0.964328465,1327.9041,1.7066,1.7731,2.0692,6.2166,0.0001,90,1336.8297,1.9417,2.0445,0.0672,0.2007,0.0201,89.4702,25,46,0.998878419,3201.1239,1.0899,6.58,11.1777,13.9302,0,90,3180.9158,1.0892,6.493,12.0274,15.0844,0.357,77.6776,0.453100207,0.631029011,0.543486722,0.499506003,0.496751594,0.394209754,0.338492859,0.523726835,0.543486722,0.631029011,0.394209754
3-bromopyridine,626-55-1,Brc1cccnc1,C5H4BrN,11,0,1,met,2.0317,157.9973,652.969,1198.3373,-0.25585,-0.03787,0.14686,0.10899,0.10899,-2819.388616,0.079002,0.084581,0.085525,0.048174,-2819.309614,-2819.304035,-2819.303091,-2819.340442,1.5359,878.131,1194.4678,253.89,0.0042,0,239.76,0,0,238.19,0.0378,0,216,0.0002,0,212.01,0.1087,0,200.57,0.0001,0,195.87,0.0158,0,191.08,0,0,186.49,0.0858,0,180.84,0.0143,0,Br0,-0.116551,-0.255078,0.06783,27.99914,6.91575,0.01727,34.93217,2226.0918,1089.1799,-0.093949,0.10157,27.99909,6.88154,0.0178,34.89843,C1,0.065206,0.302281,-0.15729,1.99859,4.13789,0.02082,6.15729,55.9424,107.8136,0.073239,-0.14516,1.99854,4.12515,0.02147,6.14516,C2,-0.117112,-0.028102,-0.21566,1.99892,4.20164,0.0151,6.21566,58.7947,157.8651,-0.19546,-0.369,1.99892,4.3481,0.02199,6.369,C3,-0.136767,-0.055832,-0.26198,1.99908,4.25034,0.01256,6.26198,72.0812,151.9967,-0.142434,-0.26919,1.99904,4.25504,0.0151,6.26919,C4,0.042603,0.187183,0.01665,1.9992,3.96195,0.0222,5.98335,48.709,159.0246,0.039662,-0.0707,1.99913,4.05051,0.02106,6.0707,H5,0.168142,0.05998,0.25854,0,0.74044,0.00102,0.74146,24.8495,8.9259,0.146405,0.25403,0,0.7452,0.00076,0.74597,H6,0.149388,0.026151,0.24794,0,0.75111,0.00095,0.75206,25.2618,5.1926,0.156117,0.26058,0,0.73892,0.0005,0.73942,4,N,0,0,0,1,-0.401337,-0.37498,-0.43506,1.99948,5.41383,0.02175,7.43506,-67.6873,522.8215,-0.351401,-0.17684,1.99897,5.16259,0.01527,7.17684,1,C,1,0,-0.136767,-0.055832,-0.26198,1.99908,4.25034,0.01256,6.26198,72.0812,151.9967,-0.142434,-0.26919,1.99904,4.25504,0.0151,6.26919,8,H,1,0,0.168142,0.05998,0.25854,0,0.74044,0.00102,0.74146,24.8495,8.9259,0.146405,0.25403,0,0.7452,0.00076,0.74597,11,H,1,0.165864,0.031866,0.23815,0,0.76047,0.00137,0.76185,23.7118,10.0014,0.182679,0.26222,0,0.7369,0.00088,0.73778,10,16,-0.959951488,947.1414,1.3319,0.704,0.2231,0.9399,-0.0002,90.0013,845.3762,1.5047,0.6336,33.062,156.0224,0.0777,89.845,10,17,-0.956404542,947.1414,1.3319,0.704,0.2231,0.9399,-0.0002,90.0013,849.9262,1.2471,0.5308,0.0129,0.0607,-0.0209,92.0343,12,18,0.994224402,998.3042,1.365,0.8015,0.2289,0.9148,0,90,971.211,1.347,0.7486,0.0047,0.0192,0.0051,83.2235,12,19,-0.992780757,998.3042,1.365,0.8015,0.2289,0.9148,0,90,973.8308,1.3554,0.7573,0.1925,0.7887,-0.0026,90.2154,16,25,0.991563528,1145.0826,1.446,1.1171,4.2634,14.8533,0,90,1147.8623,1.3055,1.0135,3.9396,13.6922,-0.1104,90.4794,16,26,0.988256963,1145.0826,1.446,1.1171,4.2634,14.8533,0,90,1214.6519,1.1398,0.9908,0.4071,1.3371,-0.0016,90.3483,19,29,0.906728455,1366.3873,1.2777,1.4055,4.2409,12.3819,0.0001,90,1336.8297,1.9417,2.0445,0.0672,0.2007,0.0201,89.4702,25,46,0.994889484,3196.6549,1.0917,6.5729,8.6961,10.8526,0,90,3180.9158,1.0892,6.493,12.0274,15.0844,0.357,77.6776,0.398371306,0.625190863,0.534834286,0.49767971,0.482799916,0.379808988,0.337804257,0.471692464,0.49767971,0.379808988,0.368821293
3-chloropyridine,626-60-8,Clc1cccnc1,C5H4ClN,11,0,1,met,2.0883,113.5463,987.175,872.4438,-0.26131,-0.03789,0.1496,0.11171,0.11171,-707.8797044,0.079439,0.084817,0.085761,0.049701,-707.800266,-707.794888,-707.793943,-707.830004,1.812,951.919,869.4095,252.89,0.0041,0,238.44,0,0,232.74,0.0385,0,203.73,0.102,0,190.99,0.0008,0,181.12,0.0423,0,179.97,0.0002,0,175.53,0.1584,0,172.15,0,0,169.01,0.3933,0,Cl0,-0.008651,-0.338478,0.00601,9.99967,6.9744,0.01992,16.99399,745.8822,421.0404,0.005972,0.03009,9.99965,6.95054,0.01973,16.96991,C1,-0.078923,0.348168,-0.08981,1.99854,4.07058,0.02069,6.08981,55.1435,108.5348,-0.067822,-0.07294,1.99849,4.05276,0.02168,6.07294,C2,-0.101935,-0.012761,-0.21681,1.99893,4.20302,0.01486,6.21681,61.6203,158.287,-0.178112,-0.36702,1.99893,4.34652,0.02157,6.36702,C3,-0.133893,-0.056801,-0.26216,1.99908,4.25056,0.01252,6.26216,72.5246,153.856,-0.14222,-0.27355,1.99904,4.25934,0.01517,6.27355,C4,0.040947,0.18319,0.01565,1.9992,3.963,0.02215,5.98435,49.0559,158.1146,0.041196,-0.06805,1.99913,4.04807,0.02085,6.06805,H5,0.168978,0.05897,0.25777,0,0.74126,0.00097,0.74223,24.9434,7.2947,0.147822,0.25358,0,0.74567,0.00075,0.74642,H6,0.149386,0.028652,0.24795,0,0.7511,0.00095,0.75205,25.2342,5.0857,0.156782,0.26125,0,0.73827,0.00048,0.73875,4,N,0,0,0,1,-0.399437,-0.367671,-0.43557,1.99948,5.41434,0.02175,7.43557,-66.6946,528.2452,-0.346641,-0.17129,1.99896,5.15716,0.01517,7.17129,1,C,1,0,-0.133893,-0.056801,-0.26216,1.99908,4.25056,0.01252,6.26216,72.5246,153.856,-0.14222,-0.27355,1.99904,4.25934,0.01517,6.27355,8,H,1,0,0.168978,0.05897,0.25777,0,0.74126,0.00097,0.74223,24.9434,7.2947,0.147822,0.25358,0,0.74567,0.00075,0.74642,11,H,1,0.166149,0.031099,0.2373,0,0.76135,0.00135,0.7627,23.7598,8.441,0.183806,0.26242,0,0.73676,0.00082,0.73758,10,16,0.955162008,935.4195,1.3271,0.6842,0.4272,1.822,-0.0001,90,845.3762,1.5047,0.6336,33.062,156.0224,0.0777,89.845,10,17,0.957275575,935.4195,1.3271,0.6842,0.4272,1.822,-0.0001,90,849.9262,1.2471,0.5308,0.0129,0.0607,-0.0209,92.0343,12,18,-0.980905166,992.5318,1.3616,0.7903,0.1467,0.5898,0,90,971.211,1.347,0.7486,0.0047,0.0192,0.0051,83.2235,12,19,0.976397524,992.5318,1.3616,0.7903,0.1467,0.5898,0,90,973.8308,1.3554,0.7573,0.1925,0.7887,-0.0026,90.2154,16,25,-0.995804402,1145.928,1.4354,1.1106,7.4006,25.7643,0,90,1147.8623,1.3055,1.0135,3.9396,13.6922,-0.1104,90.4794,16,26,-0.985915564,1145.928,1.4354,1.1106,7.4006,25.7643,0,90,1214.6519,1.1398,0.9908,0.4071,1.3371,-0.0016,90.3483,19,29,0.901342194,1364.5248,1.2972,1.4231,2.7454,8.0266,0,90,1336.8297,1.9417,2.0445,0.0672,0.2007,0.0201,89.4702,25,46,0.994719025,3194.8516,1.0919,6.5663,9.8208,12.2632,0,90,3180.9158,1.0892,6.493,12.0274,15.0844,0.357,77.6776,0.380527529,0.610610461,0.530403281,0.497350379,0.482829855,0.3739409,0.337624622,0.471572707,0.497350379,0.3739409,0.363072962
3-iodopyridine,1120-90-7,Ic1cccnc1,C5H4IN,11,0,1,met,2.0313,204.9978,1080.254,1107.2431,-0.25117,-0.04157,0.14637,0.1048,0.1048,-259.0566614,0.07855,0.084323,0.085267,0.046824,-258.978111,-258.972339,-258.971395,-259.009838,3.3292,759.097,1108.3289,267.48,0.0018,0,254.49,0.0043,0,243.77,0.0252,0,240.84,0,0,237.74,0.0167,0,228.19,0.0005,0,218.63,0.0001,0,217.45,0.1676,0,214.79,0.0007,0,207.13,0,0,I0,0.150184,-0.195776,0.16472,46,6.83037,0.00491,52.83528,44.7574,28.6363,0.047418,0.14267,46,6.82891,0.02843,52.85733,C1,-0.32083,0.288958,-0.26833,1.99863,4.24354,0.02616,6.26833,60.1745,99.236,-0.267457,-0.32487,1.99872,4.29627,0.02988,6.32487,C2,-0.06042,-0.041252,-0.20862,1.99876,4.19388,0.01599,6.20862,55.3336,155.6362,-0.059485,-0.19798,1.99878,4.18209,0.0171,6.19798,C3,-0.125937,-0.058402,-0.26258,1.99893,4.25051,0.01315,6.26258,71.9737,148.8849,-0.1197,-0.25286,1.99894,4.24054,0.01338,6.25286,C4,0.007783,0.203242,0.02256,1.99906,3.95575,0.02263,5.97744,48.5651,159.7422,0.032453,0.08521,1.99906,3.89279,0.02295,5.91479,H5,0.164523,0.058941,0.25691,0,0.74212,0.00097,0.74309,24.8776,8.6775,0.154969,0.23867,0,0.75725,0.00408,0.76133,H6,0.148015,0.021009,0.24726,0,0.75156,0.00118,0.75274,25.3792,5.0443,0.147541,0.24242,0,0.75549,0.0021,0.75758,4,N,0,0,0,1,-0.334498,-0.400657,-0.43784,1.99931,5.41655,0.02198,7.43784,-68.5091,507.5537,-0.332308,-0.46041,1.99931,5.43862,0.02248,7.46041,1,C,1,0,-0.125937,-0.058402,-0.26258,1.99893,4.25051,0.01315,6.26258,71.9737,148.8849,-0.1197,-0.25286,1.99894,4.24054,0.01338,6.25286,8,H,1,0,0.164523,0.058941,0.25691,0,0.74212,0.00097,0.74309,24.8776,8.6775,0.154969,0.23867,0,0.75725,0.00408,0.76133,11,H,1,0.160702,0.028073,0.23661,0,0.76202,0.00137,0.76339,23.8368,9.5849,0.164455,0.22709,0,0.76949,0.00342,0.77291,10,16,-0.971026025,944.2735,1.334,0.7008,0.1341,0.5663,0.0002,89.9978,845.3762,1.5047,0.6336,33.062,156.0224,0.0777,89.845,10,17,-0.972230808,944.2735,1.334,0.7008,0.1341,0.5663,0.0002,89.9978,849.9262,1.2471,0.5308,0.0129,0.0607,-0.0209,92.0343,12,18,0.98711118,998.2012,1.3769,0.8083,0.1396,0.5578,0,90,971.211,1.347,0.7486,0.0047,0.0192,0.0051,83.2235,12,19,-0.984631856,998.2012,1.3769,0.8083,0.1396,0.5578,0,90,973.8308,1.3554,0.7573,0.1925,0.7887,-0.0026,90.2154,16,25,0.985436552,1147.306,1.4989,1.1625,2.6212,9.1144,0,90,1147.8623,1.3055,1.0135,3.9396,13.6922,-0.1104,90.4794,16,26,0.984475877,1147.306,1.4989,1.1625,2.6212,9.1144,0,90,1214.6519,1.1398,0.9908,0.4071,1.3371,-0.0016,90.3483,19,29,0.905648069,1368.936,1.266,1.3978,4.8454,14.1207,0,90,1336.8297,1.9417,2.0445,0.0672,0.2007,0.0201,89.4702,25,46,0.998157111,3201.1433,1.0918,6.5916,10.0674,12.5464,0,90,3180.9158,1.0892,6.493,12.0274,15.0844,0.357,77.6776,0.457441394,0.647136313,0.542678363,0.497440196,0.482560402,0.390646987,0.337744379,0.472171492,0.497440196,0.390646987,0.380377833
